[
  {
    "name": "Africa/Abidjan",
    "label": "Africa/Abidjan"
  },
  {
    "name": "Africa/Accra",
    "label": "Africa/Accra"
  },
  {
    "name": "Africa/Nairobi",
    "label": "Africa/Nairobi"
  },
  {
    "name": "Africa/Algiers",
    "label": "Africa/Algiers"
  },
  {
    "name": "Africa/Lagos",
    "label": "Africa/Lagos"
  },
  {
    "name": "Africa/Bissau",
    "label": "Africa/Bissau"
  },
  {
    "name": "Africa/Maputo",
    "label": "Africa/Maputo"
  },
  {
    "name": "Africa/Cairo",
    "label": "Africa/Cairo"
  },
  {
    "name": "Africa/Casablanca",
    "label": "Africa/Casablanca"
  },
  {
    "name": "Africa/Ceuta",
    "label": "Africa/Ceuta"
  },
  {
    "name": "Africa/El_Aaiun",
    "label": "Africa/El Aaiun"
  },
  {
    "name": "Africa/Johannesburg",
    "label": "Africa/Johannesburg"
  },
  {
    "name": "Africa/Juba",
    "label": "Africa/Juba"
  },
  {
    "name": "Africa/Khartoum",
    "label": "Africa/Khartoum"
  },
  {
    "name": "Africa/Monrovia",
    "label": "Africa/Monrovia"
  },
  {
    "name": "Africa/Ndjamena",
    "label": "Africa/Ndjamena"
  },
  {
    "name": "Africa/Sao_Tome",
    "label": "Africa/Sao Tome"
  },
  {
    "name": "Africa/Tripoli",
    "label": "Africa/Tripoli"
  },
  {
    "name": "Africa/Tunis",
    "label": "Africa/Tunis"
  },
  {
    "name": "Africa/Windhoek",
    "label": "Africa/Windhoek"
  },
  {
    "name": "America/Adak",
    "label": "America/Adak"
  },
  {
    "name": "America/Anchorage",
    "label": "America/Anchorage"
  },
  {
    "name": "America/Port_of_Spain",
    "label": "America/Port of Spain"
  },
  {
    "name": "America/Araguaina",
    "label": "America/Araguaina"
  },
  {
    "name": "America/Argentina/Buenos_Aires",
    "label": "America/Argentina/Buenos Aires"
  },
  {
    "name": "America/Argentina/Catamarca",
    "label": "America/Argentina/Catamarca"
  },
  {
    "name": "America/Argentina/Cordoba",
    "label": "America/Argentina/Cordoba"
  },
  {
    "name": "America/Argentina/Jujuy",
    "label": "America/Argentina/Jujuy"
  },
  {
    "name": "America/Argentina/La_Rioja",
    "label": "America/Argentina/La Rioja"
  },
  {
    "name": "America/Argentina/Mendoza",
    "label": "America/Argentina/Mendoza"
  },
  {
    "name": "America/Argentina/Rio_Gallegos",
    "label": "America/Argentina/Rio Gallegos"
  },
  {
    "name": "America/Argentina/Salta",
    "label": "America/Argentina/Salta"
  },
  {
    "name": "America/Argentina/San_Juan",
    "label": "America/Argentina/San Juan"
  },
  {
    "name": "America/Argentina/San_Luis",
    "label": "America/Argentina/San Luis"
  },
  {
    "name": "America/Argentina/Tucuman",
    "label": "America/Argentina/Tucuman"
  },
  {
    "name": "America/Argentina/Ushuaia",
    "label": "America/Argentina/Ushuaia"
  },
  {
    "name": "America/Curacao",
    "label": "America/Curacao"
  },
  {
    "name": "America/Asuncion",
    "label": "America/Asuncion"
  },
  {
    "name": "America/Atikokan",
    "label": "America/Atikokan"
  },
  {
    "name": "America/Bahia_Banderas",
    "label": "America/Bahia Banderas"
  },
  {
    "name": "America/Bahia",
    "label": "America/Bahia"
  },
  {
    "name": "America/Barbados",
    "label": "America/Barbados"
  },
  {
    "name": "America/Belem",
    "label": "America/Belem"
  },
  {
    "name": "America/Belize",
    "label": "America/Belize"
  },
  {
    "name": "America/Blanc-Sablon",
    "label": "America/Blanc-Sablon"
  },
  {
    "name": "America/Boa_Vista",
    "label": "America/Boa Vista"
  },
  {
    "name": "America/Bogota",
    "label": "America/Bogota"
  },
  {
    "name": "America/Boise",
    "label": "America/Boise"
  },
  {
    "name": "America/Cambridge_Bay",
    "label": "America/Cambridge Bay"
  },
  {
    "name": "America/Campo_Grande",
    "label": "America/Campo Grande"
  },
  {
    "name": "America/Cancun",
    "label": "America/Cancun"
  },
  {
    "name": "America/Caracas",
    "label": "America/Caracas"
  },
  {
    "name": "America/Cayenne",
    "label": "America/Cayenne"
  },
  {
    "name": "America/Panama",
    "label": "America/Panama"
  },
  {
    "name": "America/Chicago",
    "label": "America/Chicago"
  },
  {
    "name": "America/Chihuahua",
    "label": "America/Chihuahua"
  },
  {
    "name": "America/Costa_Rica",
    "label": "America/Costa Rica"
  },
  {
    "name": "America/Creston",
    "label": "America/Creston"
  },
  {
    "name": "America/Cuiaba",
    "label": "America/Cuiaba"
  },
  {
    "name": "America/Danmarkshavn",
    "label": "America/Danmarkshavn"
  },
  {
    "name": "America/Dawson_Creek",
    "label": "America/Dawson Creek"
  },
  {
    "name": "America/Dawson",
    "label": "America/Dawson"
  },
  {
    "name": "America/Denver",
    "label": "America/Denver"
  },
  {
    "name": "America/Detroit",
    "label": "America/Detroit"
  },
  {
    "name": "America/Edmonton",
    "label": "America/Edmonton"
  },
  {
    "name": "America/Eirunepe",
    "label": "America/Eirunepe"
  },
  {
    "name": "America/El_Salvador",
    "label": "America/El Salvador"
  },
  {
    "name": "America/Tijuana",
    "label": "America/Tijuana"
  },
  {
    "name": "America/Fort_Nelson",
    "label": "America/Fort Nelson"
  },
  {
    "name": "America/Fort_Wayne",
    "label": "America/Fort Wayne"
  },
  {
    "name": "America/Fortaleza",
    "label": "America/Fortaleza"
  },
  {
    "name": "America/Glace_Bay",
    "label": "America/Glace Bay"
  },
  {
    "name": "America/Godthab",
    "label": "America/Godthab"
  },
  {
    "name": "America/Goose_Bay",
    "label": "America/Goose Bay"
  },
  {
    "name": "America/Grand_Turk",
    "label": "America/Grand Turk"
  },
  {
    "name": "America/Guatemala",
    "label": "America/Guatemala"
  },
  {
    "name": "America/Guayaquil",
    "label": "America/Guayaquil"
  },
  {
    "name": "America/Guyana",
    "label": "America/Guyana"
  },
  {
    "name": "America/Halifax",
    "label": "America/Halifax"
  },
  {
    "name": "America/Havana",
    "label": "America/Havana"
  },
  {
    "name": "America/Hermosillo",
    "label": "America/Hermosillo"
  },
  {
    "name": "America/Indiana/Knox",
    "label": "America/Indiana/Knox"
  },
  {
    "name": "America/Indiana/Marengo",
    "label": "America/Indiana/Marengo"
  },
  {
    "name": "America/Indiana/Petersburg",
    "label": "America/Indiana/Petersburg"
  },
  {
    "name": "America/Indiana/Tell_City",
    "label": "America/Indiana/Tell City"
  },
  {
    "name": "America/Indiana/Vevay",
    "label": "America/Indiana/Vevay"
  },
  {
    "name": "America/Indiana/Vincennes",
    "label": "America/Indiana/Vincennes"
  },
  {
    "name": "America/Indiana/Winamac",
    "label": "America/Indiana/Winamac"
  },
  {
    "name": "America/Inuvik",
    "label": "America/Inuvik"
  },
  {
    "name": "America/Iqaluit",
    "label": "America/Iqaluit"
  },
  {
    "name": "America/Jamaica",
    "label": "America/Jamaica"
  },
  {
    "name": "America/Juneau",
    "label": "America/Juneau"
  },
  {
    "name": "America/Kentucky/Louisville",
    "label": "America/Kentucky/Louisville"
  },
  {
    "name": "America/Kentucky/Monticello",
    "label": "America/Kentucky/Monticello"
  },
  {
    "name": "America/La_Paz",
    "label": "America/La Paz"
  },
  {
    "name": "America/Lima",
    "label": "America/Lima"
  },
  {
    "name": "America/Los_Angeles",
    "label": "America/Los Angeles"
  },
  {
    "name": "America/Maceio",
    "label": "America/Maceio"
  },
  {
    "name": "America/Managua",
    "label": "America/Managua"
  },
  {
    "name": "America/Manaus",
    "label": "America/Manaus"
  },
  {
    "name": "America/Martinique",
    "label": "America/Martinique"
  },
  {
    "name": "America/Matamoros",
    "label": "America/Matamoros"
  },
  {
    "name": "America/Mazatlan",
    "label": "America/Mazatlan"
  },
  {
    "name": "America/Menominee",
    "label": "America/Menominee"
  },
  {
    "name": "America/Merida",
    "label": "America/Merida"
  },
  {
    "name": "America/Metlakatla",
    "label": "America/Metlakatla"
  },
  {
    "name": "America/Mexico_City",
    "label": "America/Mexico City"
  },
  {
    "name": "America/Miquelon",
    "label": "America/Miquelon"
  },
  {
    "name": "America/Moncton",
    "label": "America/Moncton"
  },
  {
    "name": "America/Monterrey",
    "label": "America/Monterrey"
  },
  {
    "name": "America/Montevideo",
    "label": "America/Montevideo"
  },
  {
    "name": "America/Toronto",
    "label": "America/Toronto"
  },
  {
    "name": "America/Nassau",
    "label": "America/Nassau"
  },
  {
    "name": "America/New_York",
    "label": "America/New York"
  },
  {
    "name": "America/Nipigon",
    "label": "America/Nipigon"
  },
  {
    "name": "America/Nome",
    "label": "America/Nome"
  },
  {
    "name": "America/Noronha",
    "label": "America/Noronha"
  },
  {
    "name": "America/North_Dakota/Beulah",
    "label": "America/North Dakota/Beulah"
  },
  {
    "name": "America/North_Dakota/Center",
    "label": "America/North Dakota/Center"
  },
  {
    "name": "America/North_Dakota/New_Salem",
    "label": "America/North Dakota/New Salem"
  },
  {
    "name": "America/Ojinaga",
    "label": "America/Ojinaga"
  },
  {
    "name": "America/Pangnirtung",
    "label": "America/Pangnirtung"
  },
  {
    "name": "America/Paramaribo",
    "label": "America/Paramaribo"
  },
  {
    "name": "America/Phoenix",
    "label": "America/Phoenix"
  },
  {
    "name": "America/Port-au-Prince",
    "label": "America/Port-au-Prince"
  },
  {
    "name": "America/Rio_Branco",
    "label": "America/Rio Branco"
  },
  {
    "name": "America/Porto_Velho",
    "label": "America/Porto Velho"
  },
  {
    "name": "America/Puerto_Rico",
    "label": "America/Puerto Rico"
  },
  {
    "name": "America/Punta_Arenas",
    "label": "America/Punta Arenas"
  },
  {
    "name": "America/Rainy_River",
    "label": "America/Rainy River"
  },
  {
    "name": "America/Rankin_Inlet",
    "label": "America/Rankin Inlet"
  },
  {
    "name": "America/Recife",
    "label": "America/Recife"
  },
  {
    "name": "America/Regina",
    "label": "America/Regina"
  },
  {
    "name": "America/Resolute",
    "label": "America/Resolute"
  },
  {
    "name": "America/Santarem",
    "label": "America/Santarem"
  },
  {
    "name": "America/Santiago",
    "label": "America/Santiago"
  },
  {
    "name": "America/Santo_Domingo",
    "label": "America/Santo Domingo"
  },
  {
    "name": "America/Sao_Paulo",
    "label": "America/Sao Paulo"
  },
  {
    "name": "America/Scoresbysund",
    "label": "America/Scoresbysund"
  },
  {
    "name": "America/Sitka",
    "label": "America/Sitka"
  },
  {
    "name": "America/St_Johns",
    "label": "America/St Johns"
  },
  {
    "name": "America/Swift_Current",
    "label": "America/Swift Current"
  },
  {
    "name": "America/Tegucigalpa",
    "label": "America/Tegucigalpa"
  },
  {
    "name": "America/Thule",
    "label": "America/Thule"
  },
  {
    "name": "America/Thunder_Bay",
    "label": "America/Thunder Bay"
  },
  {
    "name": "America/Vancouver",
    "label": "America/Vancouver"
  },
  {
    "name": "America/Whitehorse",
    "label": "America/Whitehorse"
  },
  {
    "name": "America/Winnipeg",
    "label": "America/Winnipeg"
  },
  {
    "name": "America/Yakutat",
    "label": "America/Yakutat"
  },
  {
    "name": "America/Yellowknife",
    "label": "America/Yellowknife"
  },
  {
    "name": "Antarctica/Casey",
    "label": "Antarctica/Casey"
  },
  {
    "name": "Antarctica/Davis",
    "label": "Antarctica/Davis"
  },
  {
    "name": "Antarctica/DumontDUrville",
    "label": "Antarctica/DumontDUrville"
  },
  {
    "name": "Antarctica/Macquarie",
    "label": "Antarctica/Macquarie"
  },
  {
    "name": "Antarctica/Mawson",
    "label": "Antarctica/Mawson"
  },
  {
    "name": "Pacific/Auckland",
    "label": "Pacific/Auckland"
  },
  {
    "name": "Antarctica/Palmer",
    "label": "Antarctica/Palmer"
  },
  {
    "name": "Antarctica/Rothera",
    "label": "Antarctica/Rothera"
  },
  {
    "name": "Antarctica/Syowa",
    "label": "Antarctica/Syowa"
  },
  {
    "name": "Antarctica/Troll",
    "label": "Antarctica/Troll"
  },
  {
    "name": "Antarctica/Vostok",
    "label": "Antarctica/Vostok"
  },
  {
    "name": "Europe/Oslo",
    "label": "Europe/Oslo"
  },
  {
    "name": "Asia/Riyadh",
    "label": "Asia/Riyadh"
  },
  {
    "name": "Asia/Almaty",
    "label": "Asia/Almaty"
  },
  {
    "name": "Asia/Amman",
    "label": "Asia/Amman"
  },
  {
    "name": "Asia/Anadyr",
    "label": "Asia/Anadyr"
  },
  {
    "name": "Asia/Aqtau",
    "label": "Asia/Aqtau"
  },
  {
    "name": "Asia/Aqtobe",
    "label": "Asia/Aqtobe"
  },
  {
    "name": "Asia/Ashgabat",
    "label": "Asia/Ashgabat"
  },
  {
    "name": "Asia/Atyrau",
    "label": "Asia/Atyrau"
  },
  {
    "name": "Asia/Baghdad",
    "label": "Asia/Baghdad"
  },
  {
    "name": "Asia/Qatar",
    "label": "Asia/Qatar"
  },
  {
    "name": "Asia/Baku",
    "label": "Asia/Baku"
  },
  {
    "name": "Asia/Bangkok",
    "label": "Asia/Bangkok"
  },
  {
    "name": "Asia/Barnaul",
    "label": "Asia/Barnaul"
  },
  {
    "name": "Asia/Beirut",
    "label": "Asia/Beirut"
  },
  {
    "name": "Asia/Bishkek",
    "label": "Asia/Bishkek"
  },
  {
    "name": "Asia/Brunei",
    "label": "Asia/Brunei"
  },
  {
    "name": "Asia/Kolkata",
    "label": "Asia/Kolkata"
  },
  {
    "name": "Asia/Chita",
    "label": "Asia/Chita"
  },
  {
    "name": "Asia/Choibalsan",
    "label": "Asia/Choibalsan"
  },
  {
    "name": "Asia/Shanghai",
    "label": "Asia/Shanghai"
  },
  {
    "name": "Asia/Colombo",
    "label": "Asia/Colombo"
  },
  {
    "name": "Asia/Dhaka",
    "label": "Asia/Dhaka"
  },
  {
    "name": "Asia/Damascus",
    "label": "Asia/Damascus"
  },
  {
    "name": "Asia/Dili",
    "label": "Asia/Dili"
  },
  {
    "name": "Asia/Dubai",
    "label": "Asia/Dubai"
  },
  {
    "name": "Asia/Dushanbe",
    "label": "Asia/Dushanbe"
  },
  {
    "name": "Asia/Famagusta",
    "label": "Asia/Famagusta"
  },
  {
    "name": "Asia/Gaza",
    "label": "Asia/Gaza"
  },
  {
    "name": "Asia/Hebron",
    "label": "Asia/Hebron"
  },
  {
    "name": "Asia/Ho_Chi_Minh",
    "label": "Asia/Ho Chi Minh"
  },
  {
    "name": "Asia/Hong_Kong",
    "label": "Asia/Hong Kong"
  },
  {
    "name": "Asia/Hovd",
    "label": "Asia/Hovd"
  },
  {
    "name": "Asia/Irkutsk",
    "label": "Asia/Irkutsk"
  },
  {
    "name": "Europe/Istanbul",
    "label": "Europe/Istanbul"
  },
  {
    "name": "Asia/Jakarta",
    "label": "Asia/Jakarta"
  },
  {
    "name": "Asia/Jayapura",
    "label": "Asia/Jayapura"
  },
  {
    "name": "Asia/Jerusalem",
    "label": "Asia/Jerusalem"
  },
  {
    "name": "Asia/Kabul",
    "label": "Asia/Kabul"
  },
  {
    "name": "Asia/Kamchatka",
    "label": "Asia/Kamchatka"
  },
  {
    "name": "Asia/Karachi",
    "label": "Asia/Karachi"
  },
  {
    "name": "Asia/Urumqi",
    "label": "Asia/Urumqi"
  },
  {
    "name": "Asia/Kathmandu",
    "label": "Asia/Kathmandu"
  },
  {
    "name": "Asia/Khandyga",
    "label": "Asia/Khandyga"
  },
  {
    "name": "Asia/Krasnoyarsk",
    "label": "Asia/Krasnoyarsk"
  },
  {
    "name": "Asia/Kuala_Lumpur",
    "label": "Asia/Kuala Lumpur"
  },
  {
    "name": "Asia/Kuching",
    "label": "Asia/Kuching"
  },
  {
    "name": "Asia/Macau",
    "label": "Asia/Macau"
  },
  {
    "name": "Asia/Magadan",
    "label": "Asia/Magadan"
  },
  {
    "name": "Asia/Makassar",
    "label": "Asia/Makassar"
  },
  {
    "name": "Asia/Manila",
    "label": "Asia/Manila"
  },
  {
    "name": "Asia/Nicosia",
    "label": "Asia/Nicosia"
  },
  {
    "name": "Asia/Novokuznetsk",
    "label": "Asia/Novokuznetsk"
  },
  {
    "name": "Asia/Novosibirsk",
    "label": "Asia/Novosibirsk"
  },
  {
    "name": "Asia/Omsk",
    "label": "Asia/Omsk"
  },
  {
    "name": "Asia/Oral",
    "label": "Asia/Oral"
  },
  {
    "name": "Asia/Pontianak",
    "label": "Asia/Pontianak"
  },
  {
    "name": "Asia/Pyongyang",
    "label": "Asia/Pyongyang"
  },
  {
    "name": "Asia/Qyzylorda",
    "label": "Asia/Qyzylorda"
  },
  {
    "name": "Asia/Rangoon",
    "label": "Asia/Rangoon"
  },
  {
    "name": "Asia/Sakhalin",
    "label": "Asia/Sakhalin"
  },
  {
    "name": "Asia/Samarkand",
    "label": "Asia/Samarkand"
  },
  {
    "name": "Asia/Seoul",
    "label": "Asia/Seoul"
  },
  {
    "name": "Asia/Srednekolymsk",
    "label": "Asia/Srednekolymsk"
  },
  {
    "name": "Asia/Taipei",
    "label": "Asia/Taipei"
  },
  {
    "name": "Asia/Tashkent",
    "label": "Asia/Tashkent"
  },
  {
    "name": "Asia/Tbilisi",
    "label": "Asia/Tbilisi"
  },
  {
    "name": "Asia/Tehran",
    "label": "Asia/Tehran"
  },
  {
    "name": "Asia/Thimphu",
    "label": "Asia/Thimphu"
  },
  {
    "name": "Asia/Tokyo",
    "label": "Asia/Tokyo"
  },
  {
    "name": "Asia/Tomsk",
    "label": "Asia/Tomsk"
  },
  {
    "name": "Asia/Ulaanbaatar",
    "label": "Asia/Ulaanbaatar"
  },
  {
    "name": "Asia/Ust-Nera",
    "label": "Asia/Ust-Nera"
  },
  {
    "name": "Asia/Vladivostok",
    "label": "Asia/Vladivostok"
  },
  {
    "name": "Asia/Yakutsk",
    "label": "Asia/Yakutsk"
  },
  {
    "name": "Asia/Yekaterinburg",
    "label": "Asia/Yekaterinburg"
  },
  {
    "name": "Asia/Yerevan",
    "label": "Asia/Yerevan"
  },
  {
    "name": "Atlantic/Azores",
    "label": "Atlantic/Azores"
  },
  {
    "name": "Atlantic/Bermuda",
    "label": "Atlantic/Bermuda"
  },
  {
    "name": "Atlantic/Canary",
    "label": "Atlantic/Canary"
  },
  {
    "name": "Atlantic/Cape_Verde",
    "label": "Atlantic/Cape Verde"
  },
  {
    "name": "Atlantic/Faroe",
    "label": "Atlantic/Faroe"
  },
  {
    "name": "Atlantic/Madeira",
    "label": "Atlantic/Madeira"
  },
  {
    "name": "Atlantic/Reykjavik",
    "label": "Atlantic/Reykjavik"
  },
  {
    "name": "Atlantic/South_Georgia",
    "label": "Atlantic/South Georgia"
  },
  {
    "name": "Atlantic/Stanley",
    "label": "Atlantic/Stanley"
  },
  {
    "name": "Australia/Sydney",
    "label": "Australia/Sydney"
  },
  {
    "name": "Australia/Adelaide",
    "label": "Australia/Adelaide"
  },
  {
    "name": "Australia/Brisbane",
    "label": "Australia/Brisbane"
  },
  {
    "name": "Australia/Broken_Hill",
    "label": "Australia/Broken Hill"
  },
  {
    "name": "Australia/Currie",
    "label": "Australia/Currie"
  },
  {
    "name": "Australia/Darwin",
    "label": "Australia/Darwin"
  },
  {
    "name": "Australia/Eucla",
    "label": "Australia/Eucla"
  },
  {
    "name": "Australia/Hobart",
    "label": "Australia/Hobart"
  },
  {
    "name": "Australia/Lord_Howe",
    "label": "Australia/Lord Howe"
  },
  {
    "name": "Australia/Lindeman",
    "label": "Australia/Lindeman"
  },
  {
    "name": "Australia/Melbourne",
    "label": "Australia/Melbourne"
  },
  {
    "name": "Australia/Perth",
    "label": "Australia/Perth"
  },
  {
    "name": "CET",
    "label": "CET"
  },
  {
    "name": "Pacific/Easter",
    "label": "Pacific/Easter"
  },
  {
    "name": "CST6CDT",
    "label": "CST6CDT"
  },
  {
    "name": "EET",
    "label": "EET"
  },
  {
    "name": "Europe/Dublin",
    "label": "Europe/Dublin"
  },
  {
    "name": "EST",
    "label": "EST"
  },
  {
    "name": "EST5EDT",
    "label": "EST5EDT"
  },
  {
    "name": "Etc/GMT-0",
    "label": "Etc/GMT-0"
  },
  {
    "name": "Etc/GMT-1",
    "label": "Etc/GMT-1"
  },
  {
    "name": "Pacific/Port_Moresby",
    "label": "Pacific/Port Moresby"
  },
  {
    "name": "Pacific/Pohnpei",
    "label": "Pacific/Pohnpei"
  },
  {
    "name": "Pacific/Tarawa",
    "label": "Pacific/Tarawa"
  },
  {
    "name": "Etc/GMT-13",
    "label": "Etc/GMT-13"
  },
  {
    "name": "Etc/GMT-14",
    "label": "Etc/GMT-14"
  },
  {
    "name": "Etc/GMT-2",
    "label": "Etc/GMT-2"
  },
  {
    "name": "Etc/GMT-3",
    "label": "Etc/GMT-3"
  },
  {
    "name": "Etc/GMT-4",
    "label": "Etc/GMT-4"
  },
  {
    "name": "Etc/GMT-5",
    "label": "Etc/GMT-5"
  },
  {
    "name": "Etc/GMT-6",
    "label": "Etc/GMT-6"
  },
  {
    "name": "Indian/Christmas",
    "label": "Indian/Christmas"
  },
  {
    "name": "Etc/GMT-8",
    "label": "Etc/GMT-8"
  },
  {
    "name": "Pacific/Palau",
    "label": "Pacific/Palau"
  },
  {
    "name": "Etc/GMT+1",
    "label": "Etc/GMT+1"
  },
  {
    "name": "Etc/GMT+10",
    "label": "Etc/GMT+10"
  },
  {
    "name": "Etc/GMT+11",
    "label": "Etc/GMT+11"
  },
  {
    "name": "Etc/GMT+12",
    "label": "Etc/GMT+12"
  },
  {
    "name": "Etc/GMT+3",
    "label": "Etc/GMT+3"
  },
  {
    "name": "Etc/GMT+4",
    "label": "Etc/GMT+4"
  },
  {
    "name": "Etc/GMT+5",
    "label": "Etc/GMT+5"
  },
  {
    "name": "Etc/GMT+6",
    "label": "Etc/GMT+6"
  },
  {
    "name": "Etc/GMT+7",
    "label": "Etc/GMT+7"
  },
  {
    "name": "Etc/GMT+8",
    "label": "Etc/GMT+8"
  },
  {
    "name": "Etc/GMT+9",
    "label": "Etc/GMT+9"
  },
  {
    "name": "Etc/UCT",
    "label": "Etc/UCT"
  },
  {
    "name": "Etc/UTC",
    "label": "Etc/UTC"
  },
  {
    "name": "Europe/Amsterdam",
    "label": "Europe/Amsterdam"
  },
  {
    "name": "Europe/Andorra",
    "label": "Europe/Andorra"
  },
  {
    "name": "Europe/Astrakhan",
    "label": "Europe/Astrakhan"
  },
  {
    "name": "Europe/Athens",
    "label": "Europe/Athens"
  },
  {
    "name": "Europe/London",
    "label": "Europe/London"
  },
  {
    "name": "Europe/Belgrade",
    "label": "Europe/Belgrade"
  },
  {
    "name": "Europe/Berlin",
    "label": "Europe/Berlin"
  },
  {
    "name": "Europe/Prague",
    "label": "Europe/Prague"
  },
  {
    "name": "Europe/Brussels",
    "label": "Europe/Brussels"
  },
  {
    "name": "Europe/Bucharest",
    "label": "Europe/Bucharest"
  },
  {
    "name": "Europe/Budapest",
    "label": "Europe/Budapest"
  },
  {
    "name": "Europe/Zurich",
    "label": "Europe/Zurich"
  },
  {
    "name": "Europe/Chisinau",
    "label": "Europe/Chisinau"
  },
  {
    "name": "Europe/Copenhagen",
    "label": "Europe/Copenhagen"
  },
  {
    "name": "Europe/Gibraltar",
    "label": "Europe/Gibraltar"
  },
  {
    "name": "Europe/Helsinki",
    "label": "Europe/Helsinki"
  },
  {
    "name": "Europe/Kaliningrad",
    "label": "Europe/Kaliningrad"
  },
  {
    "name": "Europe/Kiev",
    "label": "Europe/Kiev"
  },
  {
    "name": "Europe/Kirov",
    "label": "Europe/Kirov"
  },
  {
    "name": "Europe/Lisbon",
    "label": "Europe/Lisbon"
  },
  {
    "name": "Europe/Luxembourg",
    "label": "Europe/Luxembourg"
  },
  {
    "name": "Europe/Madrid",
    "label": "Europe/Madrid"
  },
  {
    "name": "Europe/Malta",
    "label": "Europe/Malta"
  },
  {
    "name": "Europe/Minsk",
    "label": "Europe/Minsk"
  },
  {
    "name": "Europe/Monaco",
    "label": "Europe/Monaco"
  },
  {
    "name": "Europe/Moscow",
    "label": "Europe/Moscow"
  },
  {
    "name": "Europe/Paris",
    "label": "Europe/Paris"
  },
  {
    "name": "Europe/Riga",
    "label": "Europe/Riga"
  },
  {
    "name": "Europe/Rome",
    "label": "Europe/Rome"
  },
  {
    "name": "Europe/Samara",
    "label": "Europe/Samara"
  },
  {
    "name": "Europe/Saratov",
    "label": "Europe/Saratov"
  },
  {
    "name": "Europe/Simferopol",
    "label": "Europe/Simferopol"
  },
  {
    "name": "Europe/Sofia",
    "label": "Europe/Sofia"
  },
  {
    "name": "Europe/Stockholm",
    "label": "Europe/Stockholm"
  },
  {
    "name": "Europe/Tallinn",
    "label": "Europe/Tallinn"
  },
  {
    "name": "Europe/Tirane",
    "label": "Europe/Tirane"
  },
  {
    "name": "Europe/Ulyanovsk",
    "label": "Europe/Ulyanovsk"
  },
  {
    "name": "Europe/Uzhgorod",
    "label": "Europe/Uzhgorod"
  },
  {
    "name": "Europe/Vienna",
    "label": "Europe/Vienna"
  },
  {
    "name": "Europe/Vilnius",
    "label": "Europe/Vilnius"
  },
  {
    "name": "Europe/Volgograd",
    "label": "Europe/Volgograd"
  },
  {
    "name": "Europe/Warsaw",
    "label": "Europe/Warsaw"
  },
  {
    "name": "Europe/Zaporozhye",
    "label": "Europe/Zaporozhye"
  },
  {
    "name": "HST",
    "label": "HST"
  },
  {
    "name": "Indian/Chagos",
    "label": "Indian/Chagos"
  },
  {
    "name": "Indian/Cocos",
    "label": "Indian/Cocos"
  },
  {
    "name": "Indian/Kerguelen",
    "label": "Indian/Kerguelen"
  },
  {
    "name": "Indian/Mahe",
    "label": "Indian/Mahe"
  },
  {
    "name": "Indian/Maldives",
    "label": "Indian/Maldives"
  },
  {
    "name": "Indian/Mauritius",
    "label": "Indian/Mauritius"
  },
  {
    "name": "Indian/Reunion",
    "label": "Indian/Reunion"
  },
  {
    "name": "Pacific/Kwajalein",
    "label": "Pacific/Kwajalein"
  },
  {
    "name": "MET",
    "label": "MET"
  },
  {
    "name": "MST",
    "label": "MST"
  },
  {
    "name": "MST7MDT",
    "label": "MST7MDT"
  },
  {
    "name": "Pacific/Chatham",
    "label": "Pacific/Chatham"
  },
  {
    "name": "Pacific/Apia",
    "label": "Pacific/Apia"
  },
  {
    "name": "Pacific/Bougainville",
    "label": "Pacific/Bougainville"
  },
  {
    "name": "Pacific/Efate",
    "label": "Pacific/Efate"
  },
  {
    "name": "Pacific/Enderbury",
    "label": "Pacific/Enderbury"
  },
  {
    "name": "Pacific/Fakaofo",
    "label": "Pacific/Fakaofo"
  },
  {
    "name": "Pacific/Fiji",
    "label": "Pacific/Fiji"
  },
  {
    "name": "Pacific/Galapagos",
    "label": "Pacific/Galapagos"
  },
  {
    "name": "Pacific/Gambier",
    "label": "Pacific/Gambier"
  },
  {
    "name": "Pacific/Guadalcanal",
    "label": "Pacific/Guadalcanal"
  },
  {
    "name": "Pacific/Guam",
    "label": "Pacific/Guam"
  },
  {
    "name": "Pacific/Honolulu",
    "label": "Pacific/Honolulu"
  },
  {
    "name": "Pacific/Kiritimati",
    "label": "Pacific/Kiritimati"
  },
  {
    "name": "Pacific/Kosrae",
    "label": "Pacific/Kosrae"
  },
  {
    "name": "Pacific/Majuro",
    "label": "Pacific/Majuro"
  },
  {
    "name": "Pacific/Marquesas",
    "label": "Pacific/Marquesas"
  },
  {
    "name": "Pacific/Pago_Pago",
    "label": "Pacific/Pago Pago"
  },
  {
    "name": "Pacific/Nauru",
    "label": "Pacific/Nauru"
  },
  {
    "name": "Pacific/Niue",
    "label": "Pacific/Niue"
  },
  {
    "name": "Pacific/Norfolk",
    "label": "Pacific/Norfolk"
  },
  {
    "name": "Pacific/Noumea",
    "label": "Pacific/Noumea"
  },
  {
    "name": "Pacific/Pitcairn",
    "label": "Pacific/Pitcairn"
  },
  {
    "name": "Pacific/Rarotonga",
    "label": "Pacific/Rarotonga"
  },
  {
    "name": "Pacific/Tahiti",
    "label": "Pacific/Tahiti"
  },
  {
    "name": "Pacific/Tongatapu",
    "label": "Pacific/Tongatapu"
  },
  {
    "name": "PST8PDT",
    "label": "PST8PDT"
  },
  {
    "name": "WET",
    "label": "WET"
  }
]
